typo,orig,historique,typvoie,arrdt,quartier,longueur,largeur,typo_normalized,id,nom,insee,adresse,url,type_usagers,gratuit,nb_places,nb_pr,nb_pmr,nb_voitures_electriques,nb_velo,nb_2r_el,nb_autopartage,nb_2_rm,nb_covoit,hauteur_max,num_siret,Xlong,Ylat,tarif_pmr,tarif_1h,tarif_2h,tarif_3h,tarif_4h,tarif_24h,abo_resident,abo_non_resident,type_ouvrage,info,id_local,adresse_normalized,typo_match
RUE DE CHARENTON,Conduit à la commune de Charenton.,"Au XVIIIe siècle, cette voie était dénommée rue de la Planchette entre la place du Colonel Bourgoin et la rue Montgallet, et rue de la Vallée de Fécamp, entre la rue Montgallet et le boulevard Poniatowski. De 1800 à 1815, elle a porté le nom de rue de Marengo. La partie comprise entre les rues de Rambouillet et Erard a été englobé dans la place du Colonel Bourgoin en 1972. Précédemment partie de la route nationale n° 5.",rue,12e,"Bercy,Picpus,Quinze-Vingts",3150.0,16.0,ruedecharenton,,,,,,,,,,,,,,,,,,,,,,,,,,,,,,,,,
,,,,,,,,,75101-P-006,VENDOME,75101.0,26 ter place Vendome. 75001. Paris,https://fr.parkindigo.com/parking/paris-75001/vendome-75010800,tous,0.0,1113.0,0.0,30.0,4.0,0.0,0.0,0.0,0.0,0.0,190.0,69200935000020.0,2.330001,48.867835,,5.2,10.4,15.6,20.8,42.8,177.33,294.0,ouvrage,,,26terplacevendome75001paris,
,,,,,,,,,75101-P-041,HARLAY (PONT NEUF),75101.0,40 bis quai des Orfevres. 75001. Paris,https://fr.parkindigo.com/parking/paris-75001/harlay-pont-neuf-75010300,tous,0.0,773.0,0.0,7.0,0.0,0.0,0.0,2.0,61.0,0.0,190.0,30464607800143.0,2.3427859,48.8556649,,4.4,8.8,13.2,17.6,39.6,149.22,246.0,ouvrage,,,40bisquaidesorfevres75001paris,
,,,,,,,,,75101-P-046,LOUVRE SAMARITAINE,75101.0,7 place du Louvre. 75001. Paris,https://fr.parkindigo.com/parking/paris-75001/louvre-samaritaine-75011200,tous,0.0,569.0,0.0,13.0,6.0,60.0,0.0,0.0,43.0,0.0,190.0,50472714000056.0,2.340529,48.859483,tarif_special,4.5,9.0,13.5,18.0,40.5,224.0,280.0,ouvrage,tarif petit rouleur -52 % = contacter le parc|tarif PMR = 2.25 euros,,7placedulouvre75001paris,
,,,,,,,,,75101-P-104,CROIX DES PETITS CHAMPS,75101.0,14 rue Croix des Petits Champs. 75001. Paris,https://fr.parkindigo.com/parking/paris-75001/croix-des-petits-champs-75010400,tous,0.0,430.0,0.0,7.0,0.0,0.0,0.0,1.0,17.0,0.0,190.0,30464607800143.0,2.33961,48.863071,tarif_special,4.6,9.2,13.8,18.4,39.6,,377.0,ouvrage,tarif PMR = 2.30 euros,,14ruecroixdespetitschamps75001paris,
,,,,,,,,,75101-P-147,SEBASTOPOL,75101.0,37 ter boulevard Sebastopol. 75001. Paris,https://fr.parkindigo.com/parking/paris-75001/sebastopol-75010500,tous,0.0,488.0,0.0,12.0,2.0,0.0,0.0,0.0,72.0,0.0,190.0,30464607800143.0,2.349474,48.860988,,4.8,9.6,14.4,19.2,43.2,142.83,245.0,ouvrage,,,37terboulevardsebastopol75001paris,
,,,,,,,,,75102-P-048,BOURSE,75102.0,12 quater place de la Bourse. 75002. Paris,https://fr.parkindigo.com/parking/paris-75002/bourse-75020300,tous,0.0,896.0,0.0,3.0,3.0,0.0,0.0,2.0,64.0,0.0,190.0,30009201200024.0,2.3407743,48.8696378,,4.8,9.6,14.4,19.2,39.6,228.32,357.0,ouvrage,,,12quaterplacedelabourse75002paris,
,,,,,,,,,75103-P-044,SAINT MARTIN,75103.0,245 ter rue Saint Martin. 75003. Paris,https://fr.parkindigo.com/parking/paris-75003/saint-martin-75030100,tous,0.0,545.0,0.0,4.0,0.0,0.0,0.0,0.0,38.0,0.0,190.0,33835412900011.0,2.353603,48.865883,,4.8,9.6,14.4,19.2,43.2,,309.0,ouvrage,,,245terruesaintmartin75003paris,
,,,,,,,,,75104-P-010,LUTECE,75104.0,1 ter boulevard du Palais. 75004. Paris,https://fr.parkindigo.com/parking/paris-75004/lutece-75040700,tous,0.0,322.0,0.0,0.0,0.0,0.0,0.0,2.0,9.0,0.0,190.0,64202088700419.0,2.346125,48.855434,tarif_special,4.0,8.0,12.0,16.0,36.0,200.0,250.0,ouvrage,tarif petit rouleur -25 % = contacter le parc|tarif PMR = 2.00 euros,,1terboulevarddupalais75004paris,
,,,,,,,,,75104-P-025,LOBAU,75104.0,2 quater rue de Lobau. 75004. Paris,https://www.sags.fr/parking-paris/paris-lobau.html,tous,0.0,814.0,0.0,17.0,5.0,82.0,0.0,0.0,132.0,0.0,190.0,38933781700065.0,2.3534098,48.8561017,tarif_special,4.2,8.4,12.6,16.8,37.8,200.0,250.0,ouvrage,tarif petit rouleur -30 % = contacter le parc|autre entree = 5 ter rue de Lobau. 75004. Paris|tarif PMR = 2.10 euros,,2quaterruedelobau75004paris,
,,,,,,,,,75104-P-124,BAUDOYER,75104.0,25 ter rue de Rivoli. 75004. Paris,http://realpark.fr/parking/baudoyer.html,tous,0.0,317.0,0.0,6.0,0.0,6.0,0.0,0.0,11.0,0.0,195.0,39327657100030.0,2.355399,48.856476,,4.6,9.2,14.0,18.8,39.6,,249.0,ouvrage,,,25terruederivoli75004paris,
,,,,,,,,,75105-P-050,SOUFFLOT,75105.0,18 M rue Soufflot. 75005. Paris,https://fr.parkindigo.com/parking/paris-75005/soufflot-pantheon-75050100,tous,0.0,597.0,0.0,2.0,6.0,6.0,0.0,2.0,32.0,0.0,190.0,69200653900112.0,2.342419,48.847087,tarif_special,4.4,8.8,13.2,17.6,39.6,,239.0,ouvrage,autre entree = 19 ter rue Soufflot. 75005. Paris|tarif PMR = 2.20 euros,,18mruesoufflot75005paris,
,,,,,,,,,75105-P-076,PATRIARCHES,75105.0,42 ter rue daubenton. 75005. Paris,https://fr.parkindigo.com/parking/paris-75005/patriarches-75050300,tous,0.0,334.0,0.0,7.0,3.0,10.0,0.0,0.0,20.0,0.0,190.0,50472714000056.0,2.3508884,48.8403437,tarif_special,4.4,8.8,13.2,17.6,39.6,232.0,290.0,ouvrage,tarif petit rouleur -25 % = contacter le parc|tarif PMR = 2.20 euros,,42terruedaubenton75005paris,
,,,,,,,,,75106-P-055,SAINT GERMAIN DES PRES,75106.0,169 ter boulevard Saint Germain. 75006. Paris,https://fr.parkindigo.com/parking/paris-75006/saint-germain-des-pres-75060800,tous,0.0,342.0,0.0,17.0,6.0,0.0,0.0,1.0,19.0,0.0,190.0,69200653900112.0,2.331134,48.8542044,,5.2,10.4,15.6,20.8,42.85,,310.0,ouvrage,,,169terboulevardsaintgermain75006paris,
,,,,,,,,,75106-P-057,SAINT SULPICE,75106.0,8 M place Saint Sulpice. 75006. Paris,https://fr.parkindigo.com/parking/paris-75006/saint-sulpice-75060200,tous,0.0,369.0,0.0,10.0,6.0,0.0,0.0,0.0,3.0,0.0,190.0,30464607800143.0,2.3335577,48.8511816,,4.8,9.6,14.4,19.2,39.6,,331.0,ouvrage,,,8mplacesaintsulpice75006paris,
,,,,,,,,,75106-P-121,SAINTS PERES,75106.0,47 ter rue Jacob. 75006. Paris,https://fr.parkindigo.com/parking/paris-75006/saints-peres-75060300,abonnés,0.0,460.0,0.0,0.0,0.0,0.0,0.0,0.0,5.0,0.0,190.0,69200653900112.0,2.3323635,48.8560091,,,,,,,,,ouvrage,abonnes tres longue duree,,47terruejacob75006paris,
,,,,,,,,,75106-P-135,SAINT PLACIDE,75106.0,33 ter rue Saint Placide. 75006. Paris,https://www.q-park-resa.fr/fr/parking/paris/saint-placide-141.html,abonnés,0.0,207.0,0.0,5.0,0.0,0.0,0.0,0.0,0.0,0.0,190.0,37888823400523.0,2.325692,48.848611,,,,,,,,305.0,ouvrage,abonnements avec reservation uniquement,,33terruesaintplacide75006paris,
,,,,,,,,,75106-P-139,SAINT MICHEL,75106.0,5 place Saint Andre des Arts. 75006. Paris,https://fr.parkindigo.com/parking/paris-75005/place-saint-michel-75050200,tous,0.0,426.0,0.0,9.0,3.0,4.0,0.0,1.0,10.0,0.0,190.0,34308274900056.0,2.343321,48.852923,tarif_special,4.8,9.6,14.4,19.2,41.4,268.0,335.0,ouvrage,tarif petit rouleur -25 % = contacter le parc|tarif PMR = 2.30 euros,,5placesaintandredesarts75006paris,
,,,,,,,,,75106-P-160,SAINT GERMAIN (GARAGE),75106.0,169 ter boulevard Saint Germain. 75006. Paris,https://fr.parkindigo.com/parking/paris-75000/garage-saint-germain-des-pres-75061300,abonnés,0.0,306.0,0.0,0.0,0.0,0.0,0.0,0.0,0.0,0.0,190.0,69200653900112.0,2.3311383,48.8542111,,,,,,,260.0,325.0,ouvrage,tarif petit rouleur -25 % = contacter le parc,,169terboulevardsaintgermain75006paris,
,,,,,,,,,75106-P-161,SAINT SULPICE (GARAGE),75106.0,8 M place Saint Sulpice. 75006. Paris,https://fr.parkindigo.com/parking/paris-75006/saint-sulpice-75060200,abonnés,0.0,217.0,0.0,0.0,0.0,0.0,0.0,0.0,5.0,0.0,190.0,30464607800390.0,2.3335547,48.8511911,,,,,,,260.0,345.0,ouvrage,tarif petit rouleur -25 % : contacter le parc,,8mplacesaintsulpice75006paris,
,,,,,,,,,75107-P-042,BAC MONTALEMBERT,75107.0,39 rue du Bac. 75007. Paris,https://fr.parkindigo.com/parking/paris-75007/bac-montalembert-75071000,tous,0.0,415.0,0.0,9.0,3.0,0.0,0.0,0.0,13.0,0.0,190.0,30464607800143.0,2.3269769,48.8565916,tarif_special,4.6,9.2,13.8,18.4,39.6,318.4,398.0,ouvrage,tarif petit rouleur -25 % = contacter le parc|tarif PMR = 2.30 euros,,39ruedubac75007paris,
,,,,,,,,,75107-P-058,JOFFRE,75107.0,2 ter place Joffre. 75007. Paris,https://fr.parkindigo.com/parking/paris-75007/joffre-ecole-militaire-75070200,tous,0.0,938.0,0.0,1.0,6.0,6.0,0.0,2.0,19.0,0.0,190.0,64202088700419.0,2.305207,48.854226,tarif_special,4.6,9.2,13.8,18.4,39.6,,191.0,ouvrage,autres entrees = 6 ter place Joffre. 75007. Paris. 14 avenue Frederic Le Play. 75007. Paris. 13 avenue Emile Accolas. 75007. Paris et 77 avenue de Suffren. 75007. Paris|tarif PMR = 2.30 euros,,2terplacejoffre75007paris,
,,,,,,,,,75107-P-060,INVALIDES,75107.0,24 rue de Constantine. 75007. Paris,https://fr.parkindigo.com/parking/paris-75007/invalides-75070100,tous,0.0,1006.0,0.0,3.0,0.0,5.0,0.0,0.0,26.0,0.0,190.0,64202088700419.0,2.31466,48.8592876,tarif_special,4.6,9.2,13.8,18.4,39.6,175.0,250.0,ouvrage,tarif PMR = 2.30 euros,,24ruedeconstantine75007paris,
,,,,,,,,,75107-P-063,SUFFREN,75107.0,8 ter place Joffre. 75007. Paris,https://fr.parkindigo.com,abonnés,0.0,162.0,0.0,0.0,0.0,0.0,0.0,0.0,0.0,0.0,190.0,72205418600019.0,2.301875,48.851997,,,,,,,,,ouvrage,abonnes tres longue duree,,8terplacejoffre75007paris,
,,,,,,,,,75107-P-071,GOURAUD,75107.0,5 avenue Emile Pouvillon. 75007. Paris,https://fr.parkindigo.com,abonnés,0.0,339.0,0.0,0.0,0.0,0.0,0.0,0.0,0.0,0.0,190.0,72205418600019.0,2.2991342,48.8574597,,,,,,,,,ouvrage,abonnes tres longue duree,,5avenueemilepouvillon75007paris,
,,,,,,,,,75107-P-134,LA TOUR MAUBOURG ORSAY,75107.0,45 ter quai d Orsay. 75007. Paris,https://www.q-park-resa.fr/fr/parking/paris/tour-maubourg-33.html,tous,0.0,434.0,0.0,9.0,3.0,0.0,0.0,0.0,11.0,0.0,190.0,37888823400523.0,2.309746,48.862366,,5.3,10.6,15.9,21.2,43.75,189.0,335.0,ouvrage,,,45terquaidorsay75007paris,
,,,,,,,,,75107-P-155,SEVRES BABYLONE,75107.0,1 bis rue de Babylone. 75007. Paris,https://fr.parkindigo.com/parking/paris-75007/sevres-babylone-75071100,tous,0.0,866.0,0.0,18.0,13.0,40.0,0.0,0.0,40.0,0.0,190.0,30464607800390.0,2.324959,48.851593,tarif_special,4.0,8.0,12.0,16.0,36.0,216.0,290.0,ouvrage,tarif petit rouleur -25 % = contacter le parc|tarif PMR = 2.00 euros,,1bisruedebabylone75007paris,
,,,,,,,,,75108-P-002,MALESHERBES ANJOU,75108.0,20 ter boulevard Malesherbes. 75008. Paris,https://www.sags.fr/parking-paris/paris-malesherbes-anjou.html,tous,0.0,925.0,0.0,0.0,0.0,0.0,0.0,0.0,16.0,0.0,190.0,38933781700065.0,2.3217018,48.8725097,tarif_special,4.1,8.2,12.3,16.4,36.9,231.0,289.0,ouvrage,tarif petit rouleur -30 % = contacter le parc|autre entree = 35 ter boulevard Malesherbes. 75008. Paris|tarif PMR = 2.05 euros,,20terboulevardmalesherbes75008paris,
,,,,,,,,,75108-P-015,HOCHE,75108.0,14 quater avenue Hoche. 75008. Paris,https://fr.parkindigo.com/parking/paris-75008/hoche-75080500,tous,0.0,951.0,0.0,10.0,0.0,0.0,0.0,0.0,13.0,0.0,190.0,65200836800019.0,2.3021593,48.8768439,,4.8,9.6,14.4,19.2,39.6,,295.0,ouvrage,autre entree = 29 ter avenue Hoche. 75008. Paris,,14quateravenuehoche75008paris,
,,,,,,,,,75108-P-020,GEORGE V,75108.0,113 avenue des Champs Elysees. 75008. Paris,https://fr.parkindigo.com/parking/paris-75008/george-v-75082400,tous,0.0,1106.0,0.0,21.0,26.0,68.0,0.0,3.0,50.0,0.0,190.0,64202088700419.0,2.2995,48.872153,tarif_special,4.6,9.2,13.8,18.4,41.4,202.0,253.0,ouvrage,tarif petit rouleur -25 % = contacter le parc|autre entree = 32 ter avenue George V. 75008. Paris|tarif PMR = 2.30 euros,,113avenuedeschampselysees75008paris,
,,,,,,,,,75108-P-024,CONCORDE,75108.0,12 place de la Concorde. 75008. Paris,https://fr.parkindigo.com/parking/paris-75008/place-de-la-concorde-75082100,tous,0.0,836.0,0.0,13.0,0.0,0.0,0.0,0.0,17.0,0.0,190.0,72204380902081.0,2.320347,48.866919,,4.4,8.8,13.2,17.6,39.6,186.4,233.0,ouvrage,tarif petit rouleur -25 % = contacter le parc,,12placedelaconcorde75008paris,
,,,,,,,,,75108-P-054,FRANCOIS 1ER,75108.0,17 quater rue Francois 1er. 75008. Paris,https://www.interparking-france.com/fr-FR/find-parking/ParcFrancois1er/,tous,0.0,551.0,0.0,13.0,7.0,15.0,0.0,0.0,18.0,0.0,190.0,69205111300102.0,2.305648,48.867368,tarif_special,3.8,7.6,11.4,15.2,34.2,210.0,263.0,ouvrage,tarif petit rouleur -50 % = contacter le parc|tarif PMR = 1.90 euros,,17quaterruefrancois1er75008paris,
,,,,,,,,,75108-P-061,ROND POINT DES CHAMPS ELYSEES,75108.0,2 M rond point des Champs Elysees Marcel Dassault. 75008. Paris,https://fr.parkindigo.com/parking/paris-75008/rond-point-des-champs-elysees-75080400,tous,0.0,561.0,0.0,12.0,2.0,10.0,0.0,2.0,35.0,0.0,190.0,67203552400020.0,2.311021,48.869329,,5.2,10.4,15.6,20.8,46.5,157.73,260.0,ouvrage,,,2mrondpointdeschampselyseesmarceldassault75008paris,
,,,,,,,,,75108-P-107,CHAMPS ELYSEES,75108.0,64 avenue des Champs Elysees. 75008. Paris,https://fr.parkindigo.com/parking/paris-75008/champs-elysees-75080600,tous,0.0,832.0,0.0,11.0,10.0,0.0,0.0,0.0,40.0,0.0,190.0,64202088700419.0,2.305418,48.870671,,4.8,9.6,14.4,19.2,39.6,153.21,264.0,ouvrage,autre entree = 113 avenue Champs Elysees. 75008. Paris,,64avenuedeschampselysees75008paris,
,,,,,,,,,75108-P-109,ETOILE FRIEDLAND,75108.0,14 ter avenue de Friedland. 75008. Paris,https://fr.parkindigo.com/parking/paris-75008/etoile-friedland-75080800,tous,0.0,576.0,0.0,6.0,8.0,0.0,0.0,0.0,5.0,0.0,190.0,65200836800019.0,2.301231,48.874519,,5.2,10.4,15.6,20.8,42.8,,292.0,ouvrage,autre entree = 39 ter avenue de Friedland. 75008. Paris,,14teravenuedefriedland75008paris,
,,,,,,,,,75108-P-110,ALMA GEORGE V,75108.0,6 ter avenue George V. 75008. Paris,https://fr.parkindigo.com/parking/paris-75008/alma-george-v-75080700,tous,0.0,502.0,0.0,6.0,8.0,0.0,0.0,0.0,0.0,0.0,190.0,64202088700419.0,2.301572,48.8653286,,5.2,10.4,15.6,20.8,42.8,185.03,305.0,ouvrage,autre entree = 17 ter avenue George V. 75008. Paris,,6teravenuegeorgev75008paris,
,,,,,,,,,75108-P-125,CHAMPS ELYSEES PIERRE CHARRON,75108.0,67 ter rue Pierre Charron. 75008. Paris,https://fr.parkindigo.com/parking/paris-75008/pierre-charron-champs-elysees-75081900,tous,0.0,398.0,0.0,8.0,9.0,0.0,0.0,0.0,10.0,0.0,195.0,39342218300029.0,2.30459,48.870215,tarif_special,5.2,10.4,15.6,20.8,42.8,230.4,288.0,ouvrage,tarif petit rouleur -25 % = contacter le parc|tarif PMR = 2.40 euros,,67terruepierrecharron75008paris,
,,,,,,,,,75109-P-045,MONTHOLON,75109.0,3 M rue Mayran. 75009. Paris,https://fr.parkindigo.com/parking/paris-75009/montholon-75091600,tous,0.0,424.0,0.0,9.0,3.0,8.0,2.0,3.0,37.0,0.0,190.0,30464607800390.0,2.345951,48.876873,tarif_special,4.0,8.0,12.0,16.0,36.0,165.0,235.0,ouvrage,tarif petit rouleur -25 % = contacter le parc|tarif PMR = 2.00 euros,,3mruemayran75009paris,
,,,,,,,,,75110-P-028,MAGENTA GARE DE L EST,75110.0,8 ter square Alban Satragne. 75010. Paris,https://fr.parkindigo.com/parking/paris-75010/alban-satragne-magenta-75100900,tous,0.0,706.0,0.0,16.0,2.0,30.0,0.0,0.0,50.0,0.0,190.0,64202088700419.0,2.3553,48.875667,tarif_special,4.2,8.4,12.6,16.8,37.8,200.0,250.0,ouvrage,tarif petit rouleur -25 % = contacter le parc|tarif PMR = 2.10 euros,,8tersquarealbansatragne75010paris,
,,,,,,,,,75110-P-130,FRANZ LISZT,75110.0,32 ter rue des Petits Hotels. 75010. Paris,https://fr.parkindigo.com/parking/paris-75010/franz-liszt-75100300,tous,0.0,287.0,0.0,5.0,0.0,4.0,0.0,2.0,27.0,0.0,190.0,30464607800143.0,2.352655,48.877564,,4.8,9.6,14.4,19.2,41.4,,235.0,ouvrage,,,32terruedespetitshotels75010paris,
,,,,,,,,,75110-P-131,EURONORD LARIBOISIERE,75110.0,10 ter rue Ambroise Pare. 75010. Paris,https://fr.parkindigo.com/parking/paris-75010/euronord-lariboisiere-75100400,tous,0.0,498.0,0.0,10.0,0.0,6.0,0.0,15.0,30.0,0.0,190.0,33979635100049.0,2.352176,48.882039,tarif_special,4.8,9.6,14.4,19.2,41.4,165.0,206.0,ouvrage,tarif petit rouleur -25 % = contacter le parc|tarif PMR = 2.40 euros,,10terrueambroisepare75010paris,
,,,,,,,,,75112-P-017,PICPUS NATION,75112.0,77 M boulevard de Picpus. 75012. Paris,https://fr.parkindigo.com/parking/paris-75012/picpus-nation-75120100,tous,0.0,909.0,0.0,16.0,2.0,0.0,0.0,22.0,32.0,0.0,190.0,66205324800016.0,2.3991444,48.8471545,tarif_special,3.2,6.4,9.6,12.8,28.8,114.0,124.0,ouvrage,autre entree = 65 M boulevard de Picpus. 75012. Paris|tarif PMR = 1.60 euros,,77mboulevarddepicpus75012paris,
,,,,,,,,,75112-P-029,BASTILLE,75112.0,29 boulevard de la Bastille. 75012. Paris,https://fr.parkindigo.com/parking/paris-75012/bastille-75121100,tous,0.0,459.0,0.0,7.0,0.0,0.0,0.0,0.0,20.0,0.0,190.0,64202088700419.0,2.3681825,48.849486,tarif_special,4.0,8.0,12.0,16.0,36.0,155.0,193.75,ouvrage,tarif petit rouleur -25 % = contacter le parc|tarif PMR = 2.00 euros,,29boulevarddelabastille75012paris,
,,,,,,,,,75112-P-062,BERCY RELAIS MERCURE,75112.0,71 rue de Bercy. 75012. Paris,https://all.accor.com/hotel/0941/index.fr.shtml,tous,0.0,157.0,0.0,4.0,0.0,0.0,0.0,0.0,0.0,0.0,190.0,40206971000075.0,2.3815335,48.8381761,,3.6,7.2,10.8,14.4,30.0,,155.0,ouvrage,URL indique est celui de l'hotel dont depend le parc de stationnement,,71ruedebercy75012paris,
,,,,,,,,,75112-P-103,FAUBOURG SAINT ANTOINE,75112.0,83 ter avenue Ledru Rollin. 75012. Paris,https://fr.parkindigo.com/parking/paris-75012/faubourg-saint-antoine-75120200,tous,0.0,373.0,0.0,6.0,4.0,0.0,0.0,0.0,24.0,0.0,190.0,67203552400020.0,2.3755613,48.850842,,4.8,9.6,14.4,19.2,41.4,,234.0,ouvrage,,,83teravenueledrurollin75012paris,
,,,,,,,,,75112-P-127,LYON DIDEROT,75112.0,198 rue de Bercy. 75012. Paris,https://www.effia.com/parking/parking-paris-gare-de-lyon-diderot-effia,tous,0.0,305.0,0.0,6.0,5.0,0.0,0.0,0.0,78.0,0.0,190.0,31703299300741.0,2.3721699,48.8446816,,4.5,8.9,13.3,17.7,37.1,,291.67,ouvrage,,,198ruedebercy75012paris,
,,,,,,,,,75113-P-150,BORDS DE SEINE FREYSSINET (RIVE GAUCHE),75113.0,25 rue Abel Gance. 75013. Paris,https://fr.parkindigo.com/parking/paris-75013/bords-de-seine-freyssinet-75131000,tous,0.0,390.0,0.0,9.0,3.0,16.0,0.0,5.0,32.0,0.0,190.0,64202088700153.0,2.3730091,48.8351568,,3.8,7.6,11.4,15.2,34.2,188.0,235.0,ouvrage,tarif petit rouleur -25 % = contacter le parc,,25rueabelgance75013paris,
,,,,,,,,,75113-P-151,BIBLIOTHEQUE F. MITTERRAND (RIVE GAUCHE),75113.0,16 rue Emile Durkheim. 75013. Paris,https://fr.parkindigo.com/parking/paris-75013/bibliotheque-francois-mitterrand-75131100,tous,0.0,1018.0,200.0,21.0,3.0,20.0,0.0,6.0,32.0,0.0,190.0,64202088700153.0,2.3773298,48.8322497,,3.8,7.6,11.4,15.2,34.2,188.0,235.0,ouvrage,tarif petit rouleur -25 % = contacter le parc|autre entree = 43 quai Francois Mauriac. 75013. Paris,,16rueemiledurkheim75013paris,
,,,,,,,,,75113-P-152,CITE DE LA MODE AUSTERLITZ (RIVE GAUCHE),75113.0,29 ter quai d Austerlitz. 75013. Paris,https://fr.parkindigo.com/parking/paris-75013/cite-de-la-mode-austerlitz-75130900,tous,0.0,345.0,0.0,7.0,4.0,16.0,0.0,6.0,22.0,0.0,190.0,64202088700153.0,2.371114,48.839416,,3.8,7.6,11.4,15.2,34.2,188.0,235.0,ouvrage,tarif petit rouleur -25 % = contacter le parc,,29terquaidausterlitz75013paris,
,,,,,,,,,75113-P-153,UNIVERSITE DIDEROT (RIVE GAUCHE),75113.0,29 quater rue Thomas Mann. 75013. Paris,https://fr.parkindigo.com/parking/paris-75013/universite-diderot-75131200,tous,0.0,499.0,200.0,12.0,4.0,16.0,0.0,6.0,32.0,0.0,190.0,64202088700153.0,2.378907,48.829433,,3.2,6.4,9.6,12.8,28.8,146.0,183.0,ouvrage,tarif petit rouleur -40 % = contacter le parc,,29quaterruethomasmann75013paris,
,,,,,,,,,75113-P-163,WATT (RIVE GAUCHE),75113.0,50 rue Watt. 75013. Paris,https://fr.parkindigo.com/parking/paris-75013/zac-rive-gauche-watt-75131300,abonnés,0.0,604.0,0.0,17.0,0.0,10.0,0.0,0.0,0.0,0.0,190.0,64202088700153.0,2.378678,48.826509,,,,,,,71.6,89.5,ouvrage,tarif petit rouleur -40 % = contacter le parc,,50ruewatt75013paris,
,,,,,,,,,75114-P-019,MONTPARNASSE,75114.0,120 quater boulevard du Montparnasse. 75014. Paris,https://fr.parkindigo.com/parking/paris-75014/montparnasse-raspail-75140300,tous,0.0,764.0,0.0,0.0,0.0,0.0,0.0,0.0,33.0,0.0,190.0,30464607800143.0,2.3307939,48.8414661,,4.6,9.2,13.8,18.4,39.6,,209.0,ouvrage,autre entree = 139 ter boulevard du Montparnasse. 75006. Paris,,120quaterboulevarddumontparnasse75014paris,
,,,,,,,,,75114-P-117,MAINE BASCH ALESIA,75114.0,204 ter avenue du Maine. 75014. Paris,https://fr.parkindigo.com/parking/paris-75014/alesia-75140400,tous,0.0,481.0,0.0,10.0,2.0,5.0,0.0,7.0,48.0,0.0,185.0,69200653900112.0,2.3257196,48.8302751,tarif_special,4.4,8.8,13.2,17.6,39.6,,193.0,ouvrage,autre entree = 205 ter avenue du Maine. 75014. Paris|tarif PMR = 2.10 euros,,204teravenuedumaine75014paris,
,,,,,,,,,75115-P-034,CITROEN CEVENNES,75115.0,45 bis rue Leblanc. 75015. Paris,https://fr.parkindigo.com/parking/paris-75015/citroen-cevennes-75150300,tous,0.0,572.0,0.0,12.0,0.0,6.0,0.0,0.0,18.0,0.0,190.0,34900901900051.0,2.276337,48.838752,tarif_special,3.6,7.2,10.8,14.4,32.4,159.0,199.0,ouvrage,tarif petit rouleur -25 % = contacter le parc|tarif PMR = 1.70 euros,,45bisrueleblanc75015paris,
,,,,,,,,,75115-P-049,PORTE DE VERSAILLES,75115.0,40 ter boulevard Victor. 75015. Paris,https://www.sags.fr/parking-paris/paris-porte-de-versailles.html,tous,0.0,474.0,0.0,10.0,4.0,10.0,0.0,2.0,20.0,0.0,190.0,38933781700065.0,2.285401,48.833644,tarif_special,4.6,9.2,13.8,18.4,46.0,180.0,225.0,ouvrage,tarif petit rouleur -25 % = contacter le parc|tarif PMR = 2.30 euros,,40terboulevardvictor75015paris,
,,,,,,,,,75115-P-157,FREMICOURT,75115.0,13 ter rue Fremicourt. 75015. Paris,https://fr.parkindigo.com/parking/paris-75015/fremicourt-75150700,abonnés,0.0,204.0,0.0,5.0,2.0,21.0,0.0,0.0,31.0,0.0,210.0,72204380902081.0,2.297397,48.847342,,,,,,,162.4,203.0,ouvrage,tarif petit rouleur -25 % = contacter le parc,,13terruefremicourt75015paris,
,,,,,,,,,75115-P-165,VELOSTATION MAINEMONTPARNASSE,75115.0,22 M rue de l'Arrivée. 75015. Paris,https://fr.parkindigo.com/parking/paris-75015/velostation-gare-montparnasse-75150800,abonnés,0.0,0.0,0.0,0.0,0.0,385.0,0.0,0.0,0.0,0.0,230.0,30464607800143.0,2.321009,48.842669,,,,,,,,,ouvrage,,,22mruedelarrivee75015paris,
,,,,,,,,,75116-P-012,FOCH,75116.0,4 ter avenue Foch. 75116. Paris,https://fr.parkindigo.com/parking/paris-75016/foch-75161300,tous,0.0,2175.0,150.0,22.0,0.0,3.0,0.0,0.0,29.0,0.0,190.0,39418789200440.0,2.291993,48.873649,tarif_special,4.5,9.0,13.5,18.0,45.0,213.5,305.0,ouvrage,autres entrees = 37 ter avenue Foch. 75116. Paris et 45 M avenue Foch. 75116. Paris|tarif PMR = 2.25 euros,,4teravenuefoch75116paris,
,,,,,,,,,75116-P-013,EYLAU,75116.0,6 avenue d Eylau. 75116. Paris,https://fr.parkindigo.com,abonnés,0.0,174.0,0.0,0.0,0.0,0.0,0.0,0.0,0.0,0.0,190.0,72205418600019.0,2.286144,48.863766,,,,,,,,,ouvrage,abonnes tres longue duree,,6avenuedeylau75116paris,
,,,,,,,,,75116-P-016,PASSY,75116.0,82 ter rue de Passy. 75116. Paris,https://fr.parkindigo.com/parking/paris-75016/passy-75161100,tous,0.0,351.0,0.0,8.0,3.0,20.0,0.0,0.0,14.0,0.0,190.0,72204380902081.0,2.275325,48.858192,tarif_special,4.4,8.8,13.2,17.6,37.8,290.0,363.0,ouvrage,tarif petit rouleur -25 % = contacter le parc|tarif PMR = 2.20 euros,,82terruedepassy75116paris,
,,,,,,,,,75116-P-043,PORTE DE SAINT CLOUD,75116.0,10 avenue de la Porte de Saint Cloud. 75016. Paris,https://fr.parkindigo.com/parking/paris-75016/porte-de-saint-cloud-75161400,tous,0.0,1224.0,100.0,28.0,3.0,12.0,0.0,0.0,58.0,0.0,190.0,39418789200440.0,2.253734,48.838792,tarif_special,4.1,8.2,12.3,16.4,36.9,140.0,175.0,ouvrage,tarif petit rouleur -25 % = contacter le parc|tarif PMR = 2.05 euros,,10avenuedelaportedesaintcloud75016paris,
,,,,,,,,,75116-P-053,PLACE VICTOR HUGO,75116.0,76 ter avenue Victor Hugo. 75116. Paris,https://fr.parkindigo.com/parking/paris-75016/place-victor-hugo-75160400,tous,0.0,538.0,0.0,12.0,6.0,0.0,0.0,0.0,28.0,0.0,190.0,64202088700419.0,2.284541,48.869389,tarif_special,4.6,9.2,13.8,18.4,39.6,,315.0,ouvrage,tarif PMR = 2.30 euros,,76teravenuevictorhugo75116paris,
,,,,,,,,,75116-P-059,VICTOR HUGO POMPE,75116.0,122 ter avenue Victor Hugo. 75116. Paris,https://fr.parkindigo.com/parking/paris-75016/victor-hugo-pompe-75160100,tous,0.0,485.0,0.0,0.0,0.0,0.0,0.0,0.0,9.0,0.0,190.0,64202088700419.0,2.280732,48.867782,tarif_special,4.6,9.2,13.8,18.4,39.6,,315.0,ouvrage,tarif PMR = 2.30 euros,,122teravenuevictorhugo75116paris,
,,,,,,,,,75116-P-138,VERSAILLES REYNAUD,75116.0,178 ter avenue de Versailles. 75016. Paris,https://fr.parkindigo.com/parking/paris-75016/versailles-reynaud-75160900,tous,0.0,263.0,0.0,1.0,6.0,0.0,0.0,0.0,20.0,0.0,190.0,69200653900112.0,2.262605,48.839659,,4.4,8.8,13.2,17.6,39.6,,206.0,ouvrage,,,178teravenuedeversailles75016paris,
,,,,,,,,,75116-P-140,MARCEAU ETOILE,75116.0,75 ter avenue Marceau. 75116. Paris,https://www.q-park-resa.fr/fr/parking/paris/Marceau.html,tous,0.0,503.0,0.0,10.0,2.0,0.0,0.0,0.0,10.0,0.0,190.0,37888823400523.0,2.296885,48.871471,,5.8,11.6,17.4,23.2,46.4,189.0,335.0,ouvrage,,,75teravenuemarceau75116paris,
,,,,,,,,,75117-P-001,AMPERE,75117.0,93 ter rue Ampere. 75017. Paris,https://fr.parkindigo.com,abonnés,0.0,204.0,0.0,0.0,0.0,0.0,0.0,0.0,0.0,0.0,190.0,64202088700419.0,2.2985569,48.8853007,,,,,,,,,ouvrage,abonnes tres longue duree,,93terrueampere75017paris,
,,,,,,,,,75117-P-004,VILLIERS,75117.0,14 ter avenue de Villiers. 75017. Paris,https://fr.parkindigo.com/parking/paris-75017/villiers-75171800,tous,0.0,402.0,0.0,1.0,0.0,0.0,0.0,0.0,9.0,0.0,190.0,64202088700419.0,2.314306,48.881855,tarif_special,4.2,8.4,12.6,16.8,37.8,250.0,311.0,ouvrage,tarif petit rouleur -25 % = contacter le parc|tarif PMR = 2.10 euros,,14teravenuedevilliers75017paris,
,,,,,,,,,75117-P-011,CARNOT,75117.0,14 ter avenue Carnot. 75017. Paris,https://fr.parkindigo.com/parking/paris-75017/carnot-75171300,tous,0.0,398.0,0.0,6.0,1.0,0.0,0.0,0.0,10.0,0.0,190.0,30464607800143.0,2.293277,48.87597,tarif_special,4.4,8.8,13.2,17.6,37.8,,248.0,ouvrage,tarif PMR = 2.20 euros,,14teravenuecarnot75017paris,
,,,,,,,,,75117-P-035,PORTE DE CHAMPERRET,75117.0,6 ter avenue de la Porte de Champerret. 75017. Paris,https://fr.parkindigo.com/parking/paris-75017/porte-de-champerret-75171600,tous,0.0,1467.0,100.0,31.0,6.0,5.0,0.0,3.0,37.0,0.0,190.0,30464607800143.0,2.2878479,48.8863095,,4.2,8.4,12.6,16.8,36.0,104.0,148.0,ouvrage,autre entree = 10 boulevard de l Yser. 75017. Paris,,6teravenuedelaportedechamperret75017paris,
,,,,,,,,,75117-P-036,TERNES,75117.0,4 ter avenue des Ternes. 75017. Paris,https://fr.parkindigo.com/parking/paris-75017/ternes-75172100,tous,0.0,1120.0,0.0,23.0,3.0,0.0,0.0,0.0,102.0,0.0,185.0,50472721500049.0,2.293299,48.878963,tarif_special,4.3,8.6,12.9,17.2,38.7,174.45,240.0,ouvrage,tarif petit rouleur -40 % = contacter le parc|autres entrees = 38 ter avenue des Ternes. 75017. Paris et 59 ter avenue des Ternes. 75017. Paris|tarif PMR = 2.15 euros,,4teravenuedesternes75017paris,
,,,,,,,,,75117-P-040,PORTE DE SAINT OUEN,75117.0,27 ter avenue de la Porte de Saint Ouen. 75017. Paris,https://fr.parkindigo.com/parking/paris-75017/porte-de-saint-ouen-75172000,tous,0.0,535.0,50.0,18.0,1.0,0.0,0.0,0.0,4.0,0.0,190.0,39418789200440.0,2.329427,48.900141,,3.2,6.4,9.6,12.8,38.4,95.0,124.0,ouvrage,,,27teravenuedelaportedesaintouen75017paris,
,,,,,,,,,75117-P-064,PORTE MAILLOT,75117.0,16 place de la Porte Maillot. 75017. Paris,https://fr.parkindigo.com/parking/paris-75017/porte-maillot-75172200,tous,0.0,1445.0,0.0,40.0,2.0,0.0,0.0,3.0,9.0,0.0,190.0,64202088700419.0,2.282264,48.878738,tarif_special,4.4,8.8,13.2,17.6,39.6,160.0,200.0,ouvrage,tarif petit rouleur -30 % = contacter le parc|tarif PMR = 2.20 euros,,16placedelaportemaillot75017paris,
,,,,,,,,,75117-P-065,PRONY,75117.0,37 ter rue de Prony. 75017. Paris,https://fr.parkindigo.com,abonnés,0.0,172.0,0.0,0.0,0.0,0.0,0.0,0.0,0.0,0.0,190.0,72205418600019.0,2.305829,48.881584,,,,,,,,,ouvrage,abonnes tres longue duree,,37terruedeprony75017paris,
,,,,,,,,,75117-P-108,JOUFFROY,75117.0,6 ter rue Jouffroy d Abbans. 75017. Paris,https://fr.parkindigo.com/parking/paris-75017/jouffroy-75170500,abonnés,0.0,209.0,0.0,0.0,0.0,0.0,0.0,0.0,0.0,0.0,190.0,72205418600019.0,2.313201,48.887161,,,,,,,,,ouvrage,abonnes tres longue duree,,6terruejouffroydabbans75017paris,
,,,,,,,,,75117-P-112,MAC MAHON,75117.0,17 ter avenue Mac Mahon. 75017. Paris,https://fr.parkindigo.com/parking/paris-75017/mac-mahon-75171100,tous,0.0,413.0,0.0,7.0,0.0,0.0,0.0,0.0,15.0,0.0,190.0,30464607800143.0,2.294409,48.876552,tarif_special,4.6,9.2,13.8,18.4,38.4,198.0,248.0,ouvrage,tarif petit rouleur -25 % = contacter le parc|tarif PMR = 2.30 euros,,17teravenuemacmahon75017paris,
,,,,,,,,,75117-P-114,PORTE D ASNIERES,75117.0,2 avenue de la Porte d Asnieres. 75017. Paris,https://fr.parkindigo.com/parking/paris-75017/porte-dasnieres-75170600,abonnés,0.0,310.0,0.0,0.0,1.0,0.0,0.0,0.0,3.0,0.0,190.0,72205418600019.0,2.303753,48.890372,,,,,,,,152.0,ouvrage,abonnements avec reservation uniquement,,2avenuedelaportedasnieres75017paris,
,,,,,,,,,75117-P-123,WAGRAM COURCELLES,75117.0,103 ter rue Jouffroy d Abbans. 75017. Paris,https://fr.parkindigo.com/parking/paris-75017/wagram-courcelles-75170700,tous,0.0,563.0,0.0,5.0,0.0,0.0,0.0,0.0,10.0,0.0,190.0,64202088700419.0,2.301288,48.881896,,5.0,10.0,15.0,20.0,41.25,,305.0,ouvrage,,,103terruejouffroydabbans75017paris,
,,,,,,,,,75118-P-038,PORTE DE CLIGNANCOURT,75118.0,20 ter avenue de la Porte de Clignancourt. 75018. Paris,https://www.sags.fr/parking-paris/paris-porte-de-clignancourt.html,tous,0.0,508.0,0.0,11.0,4.0,20.0,0.0,0.0,33.0,0.0,230.0,38933781700065.0,2.344528,48.899607,tarif_special,3.4,6.8,10.2,13.6,24.0,88.8,111.0,ouvrage,tarif petit rouleur -50 % = contacter le parc|tarif PMR = 1.70 euros,,20teravenuedelaportedeclignancourt75018paris,
,,,,,,,,,75101-P-003,LES HALLES ST EUSTACHE,75101.0,22 rue des Halles. 75001. Paris,https://www.saemes.fr/fr/parking/parking-les-halles-st-eustache,tous,0.0,375.0,0.0,6.0,2.0,41.0,2.0,0.0,24.0,0.0,185.0,31703299300089.0,2.346654,48.860212,tarif_special,4.7,9.4,14.1,18.8,42.3,228.0,261.0,ouvrage,,,22ruedeshalles75001paris,
,,,,,,,,,75101-P-002,PYRAMIDES,75101.0,14 ter rue des Pyramides. 75001. Paris,https://www.saemes.fr/fr/parking/parking-louvre-pyramides,tous,0.0,659.0,0.0,12.0,8.0,73.0,0.0,6.0,110.0,0.0,190.0,31703299301038.0,2.33298,48.864994,tarif_special,4.8,9.6,14.4,19.2,43.2,221.0,274.0,ouvrage,,,14terruedespyramides75001paris,
,,,,,,,,,75104-P-001,HOTEL DE VILLE,75104.0,6 ter quai de Gesvres. 75004. Paris,https://www.saemes.fr/fr/parking/parking-hotel-de-ville,tous,0.0,505.0,0.0,10.0,10.0,12.0,0.0,5.0,69.0,0.0,185.0,31703299300857.0,2.349481,48.8566,tarif_special,4.6,9.2,13.8,18.4,41.4,228.0,261.0,ouvrage,,,6terquaidegesvres75004paris,
,,,,,,,,,75104-P-002,RIVOLI SEBASTOPOL,75104.0,5 ter rue Pernelle. 75004. Paris,https://www.saemes.fr/fr/parking/parking-rivoli-sebastopol,tous,0.0,267.0,0.0,6.0,2.0,0.0,0.0,25.0,17.0,0.0,190.0,31703299300246.0,2.350484,48.858396,,5.0,10.0,15.0,20.0,45.0,175.0,251.0,ouvrage,,,5terruepernelle75004paris,
,,,,,,,,,75105-P-001,POLIVEAU,75105.0,39 bis rue Poliveau. 75005. Paris,https://www.saemes.fr/fr/parking/parking-poliveau,abonnés,0.0,57.0,0.0,0.0,0.0,0.0,0.0,1.0,2.0,0.0,190.0,31703299300105.0,2.35762,48.8399,,,,,,,,171.0,ouvrage,,,39bisruepoliveau75005paris,
,,,,,,,,,75105-P-002,MONGE,75105.0,17 ter rue Gracieuse. 75005. Paris,https://www.saemes.fr/fr/parking/parking-monge,abonnés,0.0,371.0,0.0,8.0,0.0,0.0,0.0,0.0,12.0,0.0,190.0,31703299300394.0,2.35149,48.84255,,,,,,,,220.0,ouvrage,,,17terruegracieuse75005paris,
,,,,,,,,,75105-P-003,POLYTECHNIQUE,75105.0,13 ter rue Jacques Henri Lartigue. 75005. Paris,https://www.saemes.fr/fr/parking/parking-polytechnique,abonnés,0.0,259.0,0.0,3.0,0.0,0.0,0.0,0.0,13.0,0.0,190.0,31703299300121.0,2.351095,48.847013,,,,,,,,228.0,ouvrage,,,13terruejacqueshenrilartigue75005paris,
,,,,,,,,,75105-P-004,GAY LUSSAC,75105.0,45 ter rue Gay Lussac. 75005. Paris,https://www.saemes.fr/fr/parking/parking-gay-lussac,abonnés,0.0,105.0,0.0,0.0,0.0,0.0,0.0,0.0,6.0,0.0,195.0,31703299300063.0,2.343078,48.84216,,,,,,,,168.0,ouvrage,,,45terruegaylussac75005paris,
,,,,,,,,,75105-P-005,LAGRANGE MAUBERT,75105.0,19 ter rue Lagrange. 75005. Paris,https://www.saemes.fr/fr/parking/parking-lagrange-maubert,tous,0.0,447.0,0.0,8.0,15.0,10.0,0.0,5.0,18.0,0.0,185.0,31703299300071.0,2.348671,48.850541,,4.7,9.4,14.1,18.8,42.3,214.0,253.0,ouvrage,,,19terruelagrange75005paris,
,,,,,,,,,75105-P-006,MAUBERT COLLEGE DES BERNARDINS,75105.0,39 ter boulevard Saint Germain. 75005. Paris,https://www.saemes.fr/fr/parking/parking-maubert-college-des-bernardins,tous,0.0,655.0,0.0,12.0,10.0,12.0,0.0,0.0,41.0,0.0,185.0,31703299300055.0,2.350867,48.849577,tarif_special,4.7,9.4,14.1,18.8,42.3,,224.0,ouvrage,,,39terboulevardsaintgermain75005paris,
,,,,,,,,,75106-P-001,MARCHE SAINT GERMAIN,75106.0,2 ter rue Lobineau. 75006. Paris,https://www.saemes.fr/fr/parking/parking-marche-saint-germain,abonnés,0.0,104.0,0.0,0.0,0.0,0.0,0.0,0.0,11.0,0.0,190.0,31703299300220.0,2.33611,48.85166,,,,,,,,295.0,ouvrage,,,2terruelobineau75006paris,
,,,,,,,,,75107-P-004,BAC MONTALEMBERT,75107.0,39 rue du Bac. 75007. Paris,https://www.saemes.fr/fr/parking/parking-bac-montalembert,tous,0.0,417.0,0.0,8.0,0.0,14.0,0.0,0.0,20.0,0.0,190.0,31703299301269.0,2.32699912,48.8566579,tarif_special,4.8,9.6,14.4,19.2,43.2,183.0,359.0,ouvrage,,,39ruedubac75007paris,
,,,,,,,,,75107-P-002,GOURAUD,75107.0,"5 avenue Emile Pouvillon, 75007 Paris",https://www.saemes.fr/fr/parking/parking-gouraud,abonnés,0.0,339.0,0.0,0.0,0.0,0.0,0.0,0.0,0.0,0.0,190.0,31703299301277.0,2.29903934,48.8575633,,,,,,,,,ouvrage,,,5avenueemilepouvillon75007paris,
,,,,,,,,,75107-P-003,QUAI BRANLY - TOUR EIFFEL,75107.0,"25 Quai Jacques Chirac, 75007 Paris",https://www.saemes.fr/fr/parking/parking-quai-branly-tour-eiffel,tous,0.0,543.0,0.0,9.0,0.0,19.0,0.0,0.0,0.0,0.0,190.0,31703299300816.0,2.298733,48.861935,,4.8,9.6,14.4,19.1,36.2,209.0,278.0,ouvrage,,,25quaijacqueschirac75007paris,
,,,,,,,,,75108-P-001,MADELEINE TRONCHET,75108.0,21 M place de la Madeleine. 75008. Paris,https://www.saemes.fr/fr/parking/parking-madeleine-tronchet,tous,0.0,975.0,0.0,20.0,507.0,50.0,30.0,83.0,154.0,0.0,190.0,31703299301228.0,2.3246848,48.8701243,,4.8,9.6,14.4,19.2,43.2,242.0,277.0,ouvrage,,,21mplacedelamadeleine75008paris,
,,,,,,,,,75108-P-004,HAUSSMANN BERRI,75108.0,163 ter boulevard Haussmann. 75008. Paris,https://www.saemes.fr/fr/parking/parking-haussmann-berri,tous,0.0,2182.0,0.0,20.0,42.0,6.0,0.0,3.0,199.0,0.0,185.0,31703299301186.0,2.309631,48.875263,tarif_special,4.6,9.2,13.8,18.4,41.4,212.0,243.0,ouvrage,,,163terboulevardhaussmann75008paris,
,,,,,,,,,75108-P-003,SAINT AUGUSTIN - BERGSON,75108.0,18 rue de Laborde. 75008. Paris,https://www.saemes.fr/fr/parking/parking-bergson,tous,0.0,910.0,0.0,10.0,350.0,5.0,0.0,0.0,54.0,0.0,190.0,31703299301236.0,2.320402,48.875673,,4.8,9.6,14.4,19.2,43.2,242.0,277.0,ouvrage,,,18ruedelaborde75008paris,
,,,,,,,,,75109-P-001,MILTON,75109.0,31 ter rue Milton. 75009. Paris,https://www.saemes.fr/fr/parking/parking-milton,abonnés,0.0,99.0,0.0,0.0,0.0,0.0,0.0,0.0,0.0,0.0,190.0,31703299300360.0,2.34258,48.87926,,,,,,,,,ouvrage,,,31terruemilton75009paris,
,,,,,,,,,75109-P-002,MAYRAN,75109.0,"5 rue Mayran, 75009 Paris",https://www.saemes.fr/fr/parking/parking-mayran,abonnés,0.0,80.0,0.0,2.0,0.0,0.0,1.0,0.0,23.0,0.0,190.0,31703299301137.0,2.345712,48.877146,,,,,,,,242.0,ouvrage,,,5ruemayran75009paris,
,,,,,,,,,75110-P-001,RECOLLETS,75110.0,3 ter passage des Recollets. 75010. Paris,https://www.saemes.fr/fr/parking/parking-recollets,abonnés,0.0,97.0,0.0,1.0,0.0,0.0,0.0,1.0,16.0,0.0,20.0,31703299300386.0,2.35877,48.87427,,,,,,,96.0,191.0,ouvrage,,,3terpassagedesrecollets75010paris,
,,,,,,,,,75110-P-002,COLONEL FABIEN,75110.0,"3 rue Louis Blanc, 75010 Paris",https://www.saemes.fr/fr/parking/parking-colonel-fabien,abonnés,0.0,96.0,0.0,3.0,0.0,0.0,0.0,0.0,16.0,0.0,190.0,31703299301111.0,2.369113,48.878795,,,,,,,98.0,100.0,ouvrage,,,3ruelouisblanc75010paris,
,,,,,,,,,75110-P-003,HÔPITAL ST LOUIS,75110.0,"1 avenue Claude Vellefaux, 75010 Paris",https://www.saemes.fr/fr/parking/parking-hopital-saint-louis,tous,0.0,478.0,0.0,6.0,3.0,30.0,0.0,0.0,34.0,0.0,190.0,31703299300030.0,2.341523,48.827057,,4.1,8.0,11.6,14.6,22.2,54.0,66.0,ouvrage,,,1avenueclaudevellefaux75010paris,
,,,,,,,,,75110-P-004,RENE BOULANGER,75110.0,"1 ter rue René Boulanger, 75010 Paris",https://www.saemes.fr/fr/parking/parking-rene-boulanger,abonnés,0.0,191.0,0.0,0.0,0.0,0.0,0.0,0.0,16.0,0.0,180.0,31703299300840.0,2.36174,48.86836,,,,,,,,221.0,ouvrage,,,1terruereneboulanger75010paris,
,,,,,,,,,75111-P-001,ROQUETTE,75111.0,16 bis rue Servan. 75011. Paris,https://www.saemes.fr/fr/parking/parking-roquette,abonnés,0.0,292.0,0.0,0.0,0.0,0.0,0.0,0.0,14.0,0.0,190.0,31703299300097.0,2.38351,48.86015,,,,,,,,114.0,ouvrage,,,16bisrueservan75011paris,
,,,,,,,,,75112-P-001,VELOSTATION VAN GOGH,75112.0,4 M rue Van Gogh. 75012. Paris,https://www.saemes.fr/fr/parking/velostation-van-gogh,abonnés,0.0,198.0,0.0,0.0,0.0,168.0,0.0,0.0,0.0,0.0,0.0,31703300000000.0,2.372578,48.844787,,,,,,,,10.0,ouvrage,,,4mruevangogh75012paris,
,,,,,,,,,75112-P-002,GENTILLY CENTRE VILLE,75112.0,"face au 13 rue Albert Guilpin, 94250 Gentilly",https://www.saemes.fr/fr/parking/parking-gentilly-centre-ville,abonnés,0.0,45.0,0.0,1.0,0.0,0.0,0.0,0.0,4.0,0.0,190.0,31703299301087.0,2.348964,48.816686,,2.0,4.0,5.6,7.2,16.8,,48.0,ouvrage,,,faceau13ruealbertguilpin94250gentilly,
,,,,,,,,,75112-P-003,REUILLY DIDEROT,75112.0,30 ter rue de Reuilly. 75012. Paris,https://www.saemes.fr/fr/parking/parking-reuilly-diderot,tous,0.0,147.0,0.0,3.0,2.0,15.0,0.0,1.0,5.0,0.0,350.0,31703299300782.0,2.387776,48.84622,,4.4,8.8,13.2,17.6,39.6,147.0,185.0,ouvrage,,,30terruedereuilly75012paris,
,,,,,,,,,75112-P-004,BERCY SEINE,75112.0,180 quai de Bercy. 75012. Paris,https://www.saemes.fr/fr/parking/parking-bercy-seine,tous,0.0,310.0,70.0,13.0,0.0,10.0,0.0,0.0,7.0,0.0,190.0,31703299300261.0,2.382319,48.833875,,4.3,8.6,12.9,17.2,38.7,127.0,167.0,ouvrage,,,180quaidebercy75012paris,
,,,,,,,,,75112-P-005,GARE BERCY SEINE,75112.0,"210 quai de Bercy, 75012 Paris",https://www.saemes.fr/fr/parking/parking-gare-bercy-seine,tous,0.0,81.0,0.0,0.0,0.0,0.0,0.0,0.0,0.0,0.0,40.0,31703299300261.0,2.3801,48.83578,,,,,,,,,ouvrage,,,210quaidebercy75012paris,
,,,,,,,,,75112-P-006,HECTOR MALOT,75112.0,61 ter avenue Daumesnil. 75012. Paris,https://www.saemes.fr/fr/parking/parking-hector-malot,abonnés,0.0,484.0,0.0,6.0,0.0,7.0,0.0,0.0,42.0,0.0,20.0,31703299300501.0,2.377121,48.846882,,,,,,,,198.0,ouvrage,,,61teravenuedaumesnil75012paris,
,,,,,,,,,75112-P-007,MEDITERRANEE GARE DE LYON,75112.0,40 rue de Chalon. 75012. Paris,https://www.saemes.fr/fr/parking/parking-mediterranee-gare-de-lyon,tous,0.0,1622.0,0.0,15.0,19.0,25.0,8.0,154.0,366.0,0.0,190.0,31703299300238.0,2.375691,48.845002,tarif_special,5.2,10.4,15.6,20.8,41.6,,293.0,ouvrage,,,40ruedechalon75012paris,
,,,,,,,,,75113-P-001,CHARLETY THOMIRE,75113.0,2 rue Thomire. 75013. Paris,https://www.saemes.fr/fr/parking/parking-charlety-thomire,abonnés,0.0,907.0,0.0,5.0,0.0,0.0,0.0,0.0,31.0,0.0,190.0,31703299300519.0,2.34841,48.81951,,,,,,,102.0,120.0,ouvrage,,,2ruethomire75013paris,
,,,,,,,,,75113-P-002,CHARLETY COUBERTIN,75113.0,29 avenue Pierre de Coubertin. 75013. Paris,https://www.saemes.fr/fr/parking/parking-charlety-coubertin,tous,0.0,445.0,70.0,9.0,3.0,22.0,0.0,0.0,16.0,0.0,185.0,31703299300253.0,2.344178,48.817356,,4.2,8.4,12.6,16.8,37.8,85.0,122.0,ouvrage,,,29avenuepierredecoubertin75013paris,
,,,,,,,,,75114-P-001,MAIRIE DU 14 EME,75114.0,1 ter rue Charles Divry. 75014. Paris,https://www.saemes.fr/fr/parking/parking-mairie-du-14eme,abonnés,0.0,164.0,0.0,0.0,2.0,0.0,0.0,0.0,0.0,0.0,190.0,31703299301152.0,2.3273865,48.8331172,,,,,,,,269.0,ouvrage,,,1terruecharlesdivry75014paris,
,,,,,,,,,75114-P-002,PORTE D ORLEANS,75114.0,7 rue de la Legion Etrangere. 75014. Paris,https://www.saemes.fr/fr/parking/parking-porte-dorleans,tous,0.0,688.0,50.0,13.0,2.0,28.0,0.0,34.0,48.0,0.0,185.0,31703299300584.0,2.34258,48.87926,tarif_special,4.0,8.0,12.0,16.0,36.0,110.0,142.0,ouvrage,,,7ruedelalegionetrangere75014paris,
,,,,,,,,,75114-P-003,DIDOT,75114.0,2 ter rue Didot. 75014. Paris,https://www.saemes.fr/fr/parking/parking-didot,abonnés,0.0,287.0,0.0,0.0,0.0,0.0,0.0,2.0,30.0,0.0,190.0,31703299300444.0,2.321583,48.833912,,,,,,,,180.0,ouvrage,,,2terruedidot75014paris,
,,,,,,,,,75114-P-004,HÔPITAL SAINTE ANNE,75114.0,"100 rue de la Santé, 75014 Paris",https://www.saemes.fr/fr/parking/parking-hopital-sainte-anne,tous,0.0,278.0,0.0,6.0,1.0,0.0,0.0,0.0,10.0,0.0,175.0,31703299301129.0,2.369972,48.873379,,3.8,7.3,10.4,13.2,22.3,,150.0,ouvrage,,,100ruedelasante75014paris,
,,,,,,,,,75115-P-001,GENERAL BEURET,75115.0,31 rue du General Beuret. 75015. Paris,https://www.saemes.fr/fr/parking/parking-general-beuret,abonnés,0.0,170.0,0.0,0.0,0.0,0.0,0.0,0.0,7.0,0.0,185.0,31703299300543.0,2.30212,48.83999,,,,,,,,171.0,ouvrage,,,31ruedugeneralbeuret75015paris,
,,,,,,,,,75115-P-002,MAIRIE DU 15 EME LECOURBE,75115.0,147 rue Lecourbe. 75015. Paris,https://www.saemes.fr/fr/parking/parking-mairie-du-15eme-lecourbe,tous,0.0,314.0,0.0,6.0,5.0,17.0,0.0,0.0,42.0,0.0,190.0,31703299301178.0,2.299584,48.841671,,4.5,9.0,13.5,18.0,40.5,198.0,227.0,ouvrage,,,147ruelecourbe75015paris,
,,,,,,,,,75116-P-001,MOZART,75116.0,2 quater rue de la Cure. 75016. Paris,https://www.saemes.fr/fr/parking/parking-mozart,abonnés,0.0,267.0,0.0,0.0,0.0,0.0,0.0,0.0,5.0,0.0,190.0,31703299300220.0,2.269472,48.854801,,,,,,,,,ouvrage,,,2quaterruedelacure75016paris,
,,,,,,,,,75116-P-002,EMILE AUGIER,75116.0,"face au 50 boulevard Emile Augier, 75016 Paris",https://www.saemes.fr/fr/parking/parking-emile-augier,abonnés,0.0,70.0,0.0,0.0,0.0,0.0,0.0,0.0,0.0,0.0,0.0,,2.2726,48.86269,,,,,,,,172.0,enclos_en_surface,,,faceau50boulevardemileaugier75016paris,
,,,,,,,,,75116-P-003,GROS BOULAINVILLIERS PARIS HABITAT,75116.0,"15 rue de boulainvilliers, 75016 Paris",https://www.saemes.fr/fr/parking/parking-gros-boulainvilliers-paris-habitat,abonnés,0.0,71.0,0.0,1.0,0.0,24.0,0.0,0.0,8.0,0.0,190.0,31703299300634.0,2.27691,48.85217,,,,,,,,219.0,ouvrage,,,15ruedeboulainvilliers75016paris,
,,,,,,,,,75116-P-004,JEAN BOUIN,75116.0,17 rue Nungesser et Coli. 75016. Paris,https://www.saemes.fr/fr/parking/parking-jean-bouin,tous,0.0,487.0,0.0,11.0,12.0,52.0,0.0,0.0,53.0,0.0,185.0,31703299301202.0,2.253626,48.845261,,4.2,8.4,12.6,16.8,37.8,132.0,151.0,ouvrage,,,17ruenungesseretcoli75016paris,
,,,,,,,,,75116-P-005,PORTE D AUTEUIL,75116.0,8 ter avenue du General Sarrail. 75016. Paris,https://www.saemes.fr/fr/parking/parking-porte-dauteuil,tous,0.0,1128.0,50.0,22.0,241.0,6.0,0.0,4.0,31.0,0.0,185.0,31703299301210.0,2.256245,48.847473,,4.5,9.0,13.5,18.0,40.5,132.0,151.0,ouvrage,,,8teravenuedugeneralsarrail75016paris,
,,,,,,,,,75116-P-006,FLANDRIN,75116.0,"face au 2 boulevard Flandrin, 75016 Paris",https://www.saemes.fr/fr/parking/parking-flandrin,abonnés,0.0,228.0,0.0,0.0,0.0,0.0,0.0,0.0,5.0,0.0,0.0,,2.27219,48.86438,,,,,,,,172.0,enclos_en_surface,,,faceau2boulevardflandrin75016paris,
,,,,,,,,,75116-P-007,GROS BOULAINVILLIERS VDP,75116.0,15 ter rue de Boulainvilliers. 75016. Paris,https://www.saemes.fr/fr/parking/parking-gros-boulainvilliers,abonnés,0.0,340.0,0.0,1.0,3.0,0.0,0.0,0.0,6.0,0.0,190.0,31703299300634.0,2.27691,48.85217,,,,,,,,219.0,ouvrage,,,15terruedeboulainvilliers75016paris,
,,,,,,,,,75116-P-008,SAINTE PERINE,75116.0,"rue Mirabeau, 75016 Paris",https://www.saemes.fr/fr/parking/parking-sainte-perine,abonnés,0.0,170.0,0.0,0.0,0.0,5.0,0.0,0.0,2.0,0.0,185.0,31703299300626.0,2.266998,48.845256,,,,,,,,260.0,ouvrage,,,ruemirabeau75016paris,
,,,,,,,,,75116-P-009,DELESSERT,75116.0,"13 rue Beethoven, 75016 Paris",https://www.saemes.fr/fr/parking/parking-delessert,abonnés,0.0,254.0,0.0,0.0,0.0,0.0,0.0,0.0,0.0,0.0,195.0,31703299300436.0,2.286969,48.858752,,,,,,,,362.0,ouvrage,,,13ruebeethoven75016paris,
,,,,,,,,,75117-P-006,CARNOT,75117.0,14 ter avenue Carnot. 75017. Paris,https://www.saemes.fr/fr/parking/parking-carnot,tous,0.0,399.0,0.0,6.0,0.0,0.0,0.0,0.0,1.0,0.0,190.0,31703299301285.0,2.29327722,48.8759745,tarif_special,4.6,9.2,13.8,18.4,41.4,200.0,238.0,ouvrage,,,14teravenuecarnot75017paris,
,,,,,,,,,75117-P-002,PROSNY,75117.0,"37 rue de Prony, 75017 Paris",https://www.saemes.fr/fr/parking/parking-prony,abonnés,0.0,172.0,0.0,0.0,0.0,0.0,0.0,0.0,0.0,0.0,190.0,31703299301251.0,2.3034937,48.882637,,,,,,,,,ouvrage,,,37ruedeprony75017paris,
,,,,,,,,,75117-P-003,PEREIRE,75117.0,211 M boulevard Pereire. 75017. Paris,https://www.saemes.fr/fr/parking/parking-pereire,abonnés,0.0,298.0,0.0,0.0,0.0,0.0,0.0,0.0,21.0,0.0,210.0,31703299300204.0,2.295416,48.883775,,,,,,,,302.0,ouvrage,,,211mboulevardpereire75017paris,
,,,,,,,,,75117-P-007,CHAMPAGNY,75117.0,"Face au 13 rue Casimir Perrier, 75007 Paris",https://www.saemes.fr/fr/parking/parking-champagny,abonnés,0.0,112.0,0.0,0.0,0.0,0.0,0.0,0.0,0.0,0.0,190.0,31703299300048.0,2.31849,48.85788,,,,,,,,343.0,ouvrage,,,faceau13ruecasimirperrier75007paris,
,,,,,,,,,75117-P-005,MAIRIE DU 17 EME,75117.0,20 rue des Batignolles. 75017. Paris,https://www.saemes.fr/fr/parking/parking-mairie-du-17eme,tous,0.0,387.0,0.0,7.0,3.0,67.0,0.0,3.0,37.0,0.0,185.0,31703299300188.0,2.321516,48.884606,,4.5,9.0,13.5,18.0,40.5,,234.0,ouvrage,,,20ruedesbatignolles75017paris,
,,,,,,,,,75118-P-001,MARCADET,75118.0,142 A rue Marcadet. 75018. Paris,https://www.saemes.fr/fr/parking/parking-marcadet,abonnés,0.0,145.0,0.0,0.0,0.0,0.0,0.0,0.0,10.0,0.0,20.0,31703299300170.0,2.339104,48.891256,,,,,,,,212.0,ouvrage,,,142aruemarcadet75018paris,
,,,,,,,,,75118-P-002,CARPEAUX,75118.0,5 ter rue Carpeaux. 75018. Paris,https://www.saemes.fr/fr/parking/parking-carpeaux,abonnés,0.0,102.0,0.0,0.0,0.0,0.0,0.0,0.0,5.0,0.0,190.0,31703299300337.0,2.330233,48.890469,,,,,,,,179.0,ouvrage,,,5terruecarpeaux75018paris,
,,,,,,,,,75119-P-001,MAIRIE DU 19EME,75119.0,5 M rue Andre Dubois. 75019. Paris,https://www.saemes.fr/fr/parking/parking-mairie-du-19eme,abonnés,0.0,250.0,0.0,4.0,0.0,0.0,0.0,2.0,13.0,0.0,190.0,31703299300154.0,2.38173,48.88341,,,,,,,,183.0,ouvrage,,,5mrueandredubois75019paris,
,,,,,,,,,75119-P-002,CLAUDE BERNARD,75119.0,"12-14 Rue Chana Orloff, 75019 Paris",https://www.saemes.fr/fr/parking/parking-claude-bernard,tous,0.0,494.0,0.0,10.0,0.0,95.0,0.0,0.0,60.0,0.0,190.0,31703299301244.0,2.378149,48.899575,,3.2,6.4,8.4,10.0,24.0,,126.0,ouvrage,,,1214ruechanaorloff75019paris,
,,,,,,,,,75119-P-003,HÔPITAL ROBERT DEBRE,75119.0,"48 boulevard Sérurier, 75019 Paris",https://www.saemes.fr/fr/parking/parking-hopital-robert-debre,tous,0.0,180.0,0.0,4.0,2.0,0.0,0.0,0.0,0.0,0.0,190.0,31703299300147.0,2.40177,48.87929,,4.1,8.0,11.6,14.6,22.2,,132.0,ouvrage,,,48boulevardserurier75019paris,
